Iteration,Cost
1,58.0625
2,59.404296875
3,58.91796875
4,58.7607421875
5,58.2890625
6,58.2216796875
